date,year_number,year_name,quarter_number,quarter_name,month_number,month_name,week_number,week_name,week_day_number,week_day_name,business_day
2022-01-01 00:00:00,2022,FY22,1,Q1,1,January,1,W1,7,Saturday,f
2022-01-02 00:00:00,2022,FY22,1,Q1,1,January,2,W2,1,Sunday,f
2022-01-03 00:00:00,2022,FY22,1,Q1,1,January,2,W2,2,Monday,t
2022-01-04 00:00:00,2022,FY22,1,Q1,1,January,2,W2,3,Tuesday,t
2022-01-05 00:00:00,2022,FY22,1,Q1,1,January,2,W2,4,Wednesday,t
2022-01-06 00:00:00,2022,FY22,1,Q1,1,January,2,W2,5,Thursday,f
2022-01-07 00:00:00,2022,FY22,1,Q1,1,January,2,W2,6,Friday,t
2022-01-08 00:00:00,2022,FY22,1,Q1,1,January,2,W2,7,Saturday,f
2022-01-09 00:00:00,2022,FY22,1,Q1,1,January,3,W3,1,Sunday,f
2022-01-10 00:00:00,2022,FY22,1,Q1,1,January,3,W3,2,Monday,t
2022-01-11 00:00:00,2022,FY22,1,Q1,1,January,3,W3,3,Tuesday,t
2022-01-12 00:00:00,2022,FY22,1,Q1,1,January,3,W3,4,Wednesday,t
2022-01-13 00:00:00,2022,FY22,1,Q1,1,January,3,W3,5,Thursday,t
2022-01-14 00:00:00,2022,FY22,1,Q1,1,January,3,W3,6,Friday,t
2022-01-15 00:00:00,2022,FY22,1,Q1,1,January,3,W3,7,Saturday,f
2022-01-16 00:00:00,2022,FY22,1,Q1,1,January,4,W4,1,Sunday,f
2022-01-17 00:00:00,2022,FY22,1,Q1,1,January,4,W4,2,Monday,t
2022-01-18 00:00:00,2022,FY22,1,Q1,1,January,4,W4,3,Tuesday,t
2022-01-19 00:00:00,2022,FY22,1,Q1,1,January,4,W4,4,Wednesday,t
2022-01-20 00:00:00,2022,FY22,1,Q1,1,January,4,W4,5,Thursday,t
2022-01-21 00:00:00,2022,FY22,1,Q1,1,January,4,W4,6,Friday,t
2022-01-22 00:00:00,2022,FY22,1,Q1,1,January,4,W4,7,Saturday,f
2022-01-23 00:00:00,2022,FY22,1,Q1,1,January,5,W5,1,Sunday,f
2022-01-24 00:00:00,2022,FY22,1,Q1,1,January,5,W5,2,Monday,t
2022-01-25 00:00:00,2022,FY22,1,Q1,1,January,5,W5,3,Tuesday,t
2022-01-26 00:00:00,2022,FY22,1,Q1,1,January,5,W5,4,Wednesday,t
2022-01-27 00:00:00,2022,FY22,1,Q1,1,January,5,W5,5,Thursday,t
2022-01-28 00:00:00,2022,FY22,1,Q1,1,January,5,W5,6,Friday,t
2022-01-29 00:00:00,2022,FY22,1,Q1,1,January,5,W5,7,Saturday,f
2022-01-30 00:00:00,2022,FY22,1,Q1,1,January,6,W6,1,Sunday,f
2022-01-31 00:00:00,2022,FY22,1,Q1,1,January,6,W6,2,Monday,t
2022-02-01 00:00:00,2022,FY22,1,Q1,2,February,6,W6,3,Tuesday,t
2022-02-02 00:00:00,2022,FY22,1,Q1,2,February,6,W6,4,Wednesday,t
2022-02-03 00:00:00,2022,FY22,1,Q1,2,February,6,W6,5,Thursday,t
2022-02-04 00:00:00,2022,FY22,1,Q1,2,February,6,W6,6,Friday,t
2022-02-05 00:00:00,2022,FY22,1,Q1,2,February,6,W6,7,Saturday,f
2022-02-06 00:00:00,2022,FY22,1,Q1,2,February,7,W7,1,Sunday,f
2022-02-07 00:00:00,2022,FY22,1,Q1,2,February,7,W7,2,Monday,t
2022-02-08 00:00:00,2022,FY22,1,Q1,2,February,7,W7,3,Tuesday,t
2022-02-09 00:00:00,2022,FY22,1,Q1,2,February,7,W7,4,Wednesday,t
2022-02-10 00:00:00,2022,FY22,1,Q1,2,February,7,W7,5,Thursday,t
2022-02-11 00:00:00,2022,FY22,1,Q1,2,February,7,W7,6,Friday,t
2022-02-12 00:00:00,2022,FY22,1,Q1,2,February,7,W7,7,Saturday,f
2022-02-13 00:00:00,2022,FY22,1,Q1,2,February,8,W8,1,Sunday,f
2022-02-14 00:00:00,2022,FY22,1,Q1,2,February,8,W8,2,Monday,t
2022-02-15 00:00:00,2022,FY22,1,Q1,2,February,8,W8,3,Tuesday,t
2022-02-16 00:00:00,2022,FY22,1,Q1,2,February,8,W8,4,Wednesday,t
2022-02-17 00:00:00,2022,FY22,1,Q1,2,February,8,W8,5,Thursday,t
2022-02-18 00:00:00,2022,FY22,1,Q1,2,February,8,W8,6,Friday,t
2022-02-19 00:00:00,2022,FY22,1,Q1,2,February,8,W8,7,Saturday,f
2022-02-20 00:00:00,2022,FY22,1,Q1,2,February,9,W9,1,Sunday,f
2022-02-21 00:00:00,2022,FY22,1,Q1,2,February,9,W9,2,Monday,t
2022-02-22 00:00:00,2022,FY22,1,Q1,2,February,9,W9,3,Tuesday,t
2022-02-23 00:00:00,2022,FY22,1,Q1,2,February,9,W9,4,Wednesday,t
2022-02-24 00:00:00,2022,FY22,1,Q1,2,February,9,W9,5,Thursday,t
2022-02-25 00:00:00,2022,FY22,1,Q1,2,February,9,W9,6,Friday,t
2022-02-26 00:00:00,2022,FY22,1,Q1,2,February,9,W9,7,Saturday,f
2022-02-27 00:00:00,2022,FY22,1,Q1,2,February,10,W10,1,Sunday,f
2022-02-28 00:00:00,2022,FY22,1,Q1,2,February,10,W10,2,Monday,t
2022-03-01 00:00:00,2022,FY22,1,Q1,3,March,10,W10,3,Tuesday,t
2022-03-02 00:00:00,2022,FY22,1,Q1,3,March,10,W10,4,Wednesday,t
2022-03-03 00:00:00,2022,FY22,1,Q1,3,March,10,W10,5,Thursday,t
2022-03-04 00:00:00,2022,FY22,1,Q1,3,March,10,W10,6,Friday,t
2022-03-05 00:00:00,2022,FY22,1,Q1,3,March,10,W10,7,Saturday,f
2022-03-06 00:00:00,2022,FY22,1,Q1,3,March,11,W11,1,Sunday,f
2022-03-07 00:00:00,2022,FY22,1,Q1,3,March,11,W11,2,Monday,t
2022-03-08 00:00:00,2022,FY22,1,Q1,3,March,11,W11,3,Tuesday,t
2022-03-09 00:00:00,2022,FY22,1,Q1,3,March,11,W11,4,Wednesday,t
2022-03-10 00:00:00,2022,FY22,1,Q1,3,March,11,W11,5,Thursday,t
2022-03-11 00:00:00,2022,FY22,1,Q1,3,March,11,W11,6,Friday,t
2022-03-12 00:00:00,2022,FY22,1,Q1,3,March,11,W11,7,Saturday,f
2022-03-13 00:00:00,2022,FY22,1,Q1,3,March,12,W12,1,Sunday,f
2022-03-14 00:00:00,2022,FY22,1,Q1,3,March,12,W12,2,Monday,t
2022-03-15 00:00:00,2022,FY22,1,Q1,3,March,12,W12,3,Tuesday,t
2022-03-16 00:00:00,2022,FY22,1,Q1,3,March,12,W12,4,Wednesday,t
2022-03-17 00:00:00,2022,FY22,1,Q1,3,March,12,W12,5,Thursday,t
2022-03-18 00:00:00,2022,FY22,1,Q1,3,March,12,W12,6,Friday,t
2022-03-19 00:00:00,2022,FY22,1,Q1,3,March,12,W12,7,Saturday,f
2022-03-20 00:00:00,2022,FY22,1,Q1,3,March,13,W13,1,Sunday,f
2022-03-21 00:00:00,2022,FY22,1,Q1,3,March,13,W13,2,Monday,t
2022-03-22 00:00:00,2022,FY22,1,Q1,3,March,13,W13,3,Tuesday,t
2022-03-23 00:00:00,2022,FY22,1,Q1,3,March,13,W13,4,Wednesday,t
2022-03-24 00:00:00,2022,FY22,1,Q1,3,March,13,W13,5,Thursday,t
2022-03-25 00:00:00,2022,FY22,1,Q1,3,March,13,W13,6,Friday,t
2022-03-26 00:00:00,2022,FY22,1,Q1,3,March,13,W13,7,Saturday,f
2022-03-27 00:00:00,2022,FY22,1,Q1,3,March,14,W14,1,Sunday,f
2022-03-28 00:00:00,2022,FY22,1,Q1,3,March,14,W14,2,Monday,t
2022-03-29 00:00:00,2022,FY22,1,Q1,3,March,14,W14,3,Tuesday,t
2022-03-30 00:00:00,2022,FY22,1,Q1,3,March,14,W14,4,Wednesday,t
2022-03-31 00:00:00,2022,FY22,1,Q1,3,March,14,W14,5,Thursday,t
2022-04-01 00:00:00,2022,FY22,2,Q2,4,April,14,W14,6,Friday,t
2022-04-02 00:00:00,2022,FY22,2,Q2,4,April,14,W14,7,Saturday,f
2022-04-03 00:00:00,2022,FY22,2,Q2,4,April,15,W15,1,Sunday,f
2022-04-04 00:00:00,2022,FY22,2,Q2,4,April,15,W15,2,Monday,t
2022-04-05 00:00:00,2022,FY22,2,Q2,4,April,15,W15,3,Tuesday,t
2022-04-06 00:00:00,2022,FY22,2,Q2,4,April,15,W15,4,Wednesday,t
2022-04-07 00:00:00,2022,FY22,2,Q2,4,April,15,W15,5,Thursday,t
2022-04-08 00:00:00,2022,FY22,2,Q2,4,April,15,W15,6,Friday,t
2022-04-09 00:00:00,2022,FY22,2,Q2,4,April,15,W15,7,Saturday,f
2022-04-10 00:00:00,2022,FY22,2,Q2,4,April,16,W16,1,Sunday,f
2022-04-11 00:00:00,2022,FY22,2,Q2,4,April,16,W16,2,Monday,t
2022-04-12 00:00:00,2022,FY22,2,Q2,4,April,16,W16,3,Tuesday,t
2022-04-13 00:00:00,2022,FY22,2,Q2,4,April,16,W16,4,Wednesday,t
2022-04-14 00:00:00,2022,FY22,2,Q2,4,April,16,W16,5,Thursday,t
2022-04-15 00:00:00,2022,FY22,2,Q2,4,April,16,W16,6,Friday,t
2022-04-16 00:00:00,2022,FY22,2,Q2,4,April,16,W16,7,Saturday,f
2022-04-17 00:00:00,2022,FY22,2,Q2,4,April,17,W17,1,Sunday,f
2022-04-18 00:00:00,2022,FY22,2,Q2,4,April,17,W17,2,Monday,f
2022-04-19 00:00:00,2022,FY22,2,Q2,4,April,17,W17,3,Tuesday,t
2022-04-20 00:00:00,2022,FY22,2,Q2,4,April,17,W17,4,Wednesday,t
2022-04-21 00:00:00,2022,FY22,2,Q2,4,April,17,W17,5,Thursday,t
2022-04-22 00:00:00,2022,FY22,2,Q2,4,April,17,W17,6,Friday,t
2022-04-23 00:00:00,2022,FY22,2,Q2,4,April,17,W17,7,Saturday,f
2022-04-24 00:00:00,2022,FY22,2,Q2,4,April,18,W18,1,Sunday,f
2022-04-25 00:00:00,2022,FY22,2,Q2,4,April,18,W18,2,Monday,t
2022-04-26 00:00:00,2022,FY22,2,Q2,4,April,18,W18,3,Tuesday,t
2022-04-27 00:00:00,2022,FY22,2,Q2,4,April,18,W18,4,Wednesday,t
2022-04-28 00:00:00,2022,FY22,2,Q2,4,April,18,W18,5,Thursday,t
2022-04-29 00:00:00,2022,FY22,2,Q2,4,April,18,W18,6,Friday,t
2022-04-30 00:00:00,2022,FY22,2,Q2,4,April,18,W18,7,Saturday,f
2022-05-01 00:00:00,2022,FY22,2,Q2,5,May,19,W19,1,Sunday,f
2022-05-02 00:00:00,2022,FY22,2,Q2,5,May,19,W19,2,Monday,t
2022-05-03 00:00:00,2022,FY22,2,Q2,5,May,19,W19,3,Tuesday,f
2022-05-04 00:00:00,2022,FY22,2,Q2,5,May,19,W19,4,Wednesday,t
2022-05-05 00:00:00,2022,FY22,2,Q2,5,May,19,W19,5,Thursday,t
2022-05-06 00:00:00,2022,FY22,2,Q2,5,May,19,W19,6,Friday,t
2022-05-07 00:00:00,2022,FY22,2,Q2,5,May,19,W19,7,Saturday,f
2022-05-08 00:00:00,2022,FY22,2,Q2,5,May,20,W20,1,Sunday,f
2022-05-09 00:00:00,2022,FY22,2,Q2,5,May,20,W20,2,Monday,t
2022-05-10 00:00:00,2022,FY22,2,Q2,5,May,20,W20,3,Tuesday,t
2022-05-11 00:00:00,2022,FY22,2,Q2,5,May,20,W20,4,Wednesday,t
2022-05-12 00:00:00,2022,FY22,2,Q2,5,May,20,W20,5,Thursday,t
2022-05-13 00:00:00,2022,FY22,2,Q2,5,May,20,W20,6,Friday,t
2022-05-14 00:00:00,2022,FY22,2,Q2,5,May,20,W20,7,Saturday,f
2022-05-15 00:00:00,2022,FY22,2,Q2,5,May,21,W21,1,Sunday,f
2022-05-16 00:00:00,2022,FY22,2,Q2,5,May,21,W21,2,Monday,t
2022-05-17 00:00:00,2022,FY22,2,Q2,5,May,21,W21,3,Tuesday,t
2022-05-18 00:00:00,2022,FY22,2,Q2,5,May,21,W21,4,Wednesday,t
2022-05-19 00:00:00,2022,FY22,2,Q2,5,May,21,W21,5,Thursday,t
2022-05-20 00:00:00,2022,FY22,2,Q2,5,May,21,W21,6,Friday,t
2022-05-21 00:00:00,2022,FY22,2,Q2,5,May,21,W21,7,Saturday,f
2022-05-22 00:00:00,2022,FY22,2,Q2,5,May,22,W22,1,Sunday,f
2022-05-23 00:00:00,2022,FY22,2,Q2,5,May,22,W22,2,Monday,t
2022-05-24 00:00:00,2022,FY22,2,Q2,5,May,22,W22,3,Tuesday,t
2022-05-25 00:00:00,2022,FY22,2,Q2,5,May,22,W22,4,Wednesday,t
2022-05-26 00:00:00,2022,FY22,2,Q2,5,May,22,W22,5,Thursday,f
2022-05-27 00:00:00,2022,FY22,2,Q2,5,May,22,W22,6,Friday,t
2022-05-28 00:00:00,2022,FY22,2,Q2,5,May,22,W22,7,Saturday,f
2022-05-29 00:00:00,2022,FY22,2,Q2,5,May,23,W23,1,Sunday,f
2022-05-30 00:00:00,2022,FY22,2,Q2,5,May,23,W23,2,Monday,t
2022-05-31 00:00:00,2022,FY22,2,Q2,5,May,23,W23,3,Tuesday,t
2022-06-01 00:00:00,2022,FY22,2,Q2,6,June,23,W23,4,Wednesday,t
2022-06-02 00:00:00,2022,FY22,2,Q2,6,June,23,W23,5,Thursday,t
2022-06-03 00:00:00,2022,FY22,2,Q2,6,June,23,W23,6,Friday,t
2022-06-04 00:00:00,2022,FY22,2,Q2,6,June,23,W23,7,Saturday,f
2022-06-05 00:00:00,2022,FY22,2,Q2,6,June,24,W24,1,Sunday,f
2022-06-06 00:00:00,2022,FY22,2,Q2,6,June,24,W24,2,Monday,t
2022-06-07 00:00:00,2022,FY22,2,Q2,6,June,24,W24,3,Tuesday,t
2022-06-08 00:00:00,2022,FY22,2,Q2,6,June,24,W24,4,Wednesday,t
2022-06-09 00:00:00,2022,FY22,2,Q2,6,June,24,W24,5,Thursday,t
2022-06-10 00:00:00,2022,FY22,2,Q2,6,June,24,W24,6,Friday,t
2022-06-11 00:00:00,2022,FY22,2,Q2,6,June,24,W24,7,Saturday,f
2022-06-12 00:00:00,2022,FY22,2,Q2,6,June,25,W25,1,Sunday,f
2022-06-13 00:00:00,2022,FY22,2,Q2,6,June,25,W25,2,Monday,t
2022-06-14 00:00:00,2022,FY22,2,Q2,6,June,25,W25,3,Tuesday,t
2022-06-15 00:00:00,2022,FY22,2,Q2,6,June,25,W25,4,Wednesday,t
2022-06-16 00:00:00,2022,FY22,2,Q2,6,June,25,W25,5,Thursday,f
2022-06-17 00:00:00,2022,FY22,2,Q2,6,June,25,W25,6,Friday,t
2022-06-18 00:00:00,2022,FY22,2,Q2,6,June,25,W25,7,Saturday,f
2022-06-19 00:00:00,2022,FY22,2,Q2,6,June,26,W26,1,Sunday,f
2022-06-20 00:00:00,2022,FY22,2,Q2,6,June,26,W26,2,Monday,t
2022-06-21 00:00:00,2022,FY22,2,Q2,6,June,26,W26,3,Tuesday,t
2022-06-22 00:00:00,2022,FY22,2,Q2,6,June,26,W26,4,Wednesday,t
2022-06-23 00:00:00,2022,FY22,2,Q2,6,June,26,W26,5,Thursday,t
2022-06-24 00:00:00,2022,FY22,2,Q2,6,June,26,W26,6,Friday,t
2022-06-25 00:00:00,2022,FY22,2,Q2,6,June,26,W26,7,Saturday,f
2022-06-26 00:00:00,2022,FY22,2,Q2,6,June,27,W27,1,Sunday,f
2022-06-27 00:00:00,2022,FY22,2,Q2,6,June,27,W27,2,Monday,t
2022-06-28 00:00:00,2022,FY22,2,Q2,6,June,27,W27,3,Tuesday,t
2022-06-29 00:00:00,2022,FY22,2,Q2,6,June,27,W27,4,Wednesday,t
2022-06-30 00:00:00,2022,FY22,2,Q2,6,June,27,W27,5,Thursday,t
2022-07-01 00:00:00,2022,FY22,3,Q3,7,July,27,W27,6,Friday,t
2022-07-02 00:00:00,2022,FY22,3,Q3,7,July,27,W27,7,Saturday,f
2022-07-03 00:00:00,2022,FY22,3,Q3,7,July,28,W28,1,Sunday,f
2022-07-04 00:00:00,2022,FY22,3,Q3,7,July,28,W28,2,Monday,t
2022-07-05 00:00:00,2022,FY22,3,Q3,7,July,28,W28,3,Tuesday,t
2022-07-06 00:00:00,2022,FY22,3,Q3,7,July,28,W28,4,Wednesday,t
2022-07-07 00:00:00,2022,FY22,3,Q3,7,July,28,W28,5,Thursday,t
2022-07-08 00:00:00,2022,FY22,3,Q3,7,July,28,W28,6,Friday,t
2022-07-09 00:00:00,2022,FY22,3,Q3,7,July,28,W28,7,Saturday,f
2022-07-10 00:00:00,2022,FY22,3,Q3,7,July,29,W29,1,Sunday,f
2022-07-11 00:00:00,2022,FY22,3,Q3,7,July,29,W29,2,Monday,t
2022-07-12 00:00:00,2022,FY22,3,Q3,7,July,29,W29,3,Tuesday,t
2022-07-13 00:00:00,2022,FY22,3,Q3,7,July,29,W29,4,Wednesday,t
2022-07-14 00:00:00,2022,FY22,3,Q3,7,July,29,W29,5,Thursday,t
2022-07-15 00:00:00,2022,FY22,3,Q3,7,July,29,W29,6,Friday,t
2022-07-16 00:00:00,2022,FY22,3,Q3,7,July,29,W29,7,Saturday,f
2022-07-17 00:00:00,2022,FY22,3,Q3,7,July,30,W30,1,Sunday,f
2022-07-18 00:00:00,2022,FY22,3,Q3,7,July,30,W30,2,Monday,t
2022-07-19 00:00:00,2022,FY22,3,Q3,7,July,30,W30,3,Tuesday,t
2022-07-20 00:00:00,2022,FY22,3,Q3,7,July,30,W30,4,Wednesday,t
2022-07-21 00:00:00,2022,FY22,3,Q3,7,July,30,W30,5,Thursday,t
2022-07-22 00:00:00,2022,FY22,3,Q3,7,July,30,W30,6,Friday,t
2022-07-23 00:00:00,2022,FY22,3,Q3,7,July,30,W30,7,Saturday,f
2022-07-24 00:00:00,2022,FY22,3,Q3,7,July,31,W31,1,Sunday,f
2022-07-25 00:00:00,2022,FY22,3,Q3,7,July,31,W31,2,Monday,t
2022-07-26 00:00:00,2022,FY22,3,Q3,7,July,31,W31,3,Tuesday,t
2022-07-27 00:00:00,2022,FY22,3,Q3,7,July,31,W31,4,Wednesday,t
2022-07-28 00:00:00,2022,FY22,3,Q3,7,July,31,W31,5,Thursday,t
2022-07-29 00:00:00,2022,FY22,3,Q3,7,July,31,W31,6,Friday,t
2022-07-30 00:00:00,2022,FY22,3,Q3,7,July,31,W31,7,Saturday,f
2022-07-31 00:00:00,2022,FY22,3,Q3,7,July,32,W32,1,Sunday,f
2022-08-01 00:00:00,2022,FY22,3,Q3,8,August,32,W32,2,Monday,t
2022-08-02 00:00:00,2022,FY22,3,Q3,8,August,32,W32,3,Tuesday,t
2022-08-03 00:00:00,2022,FY22,3,Q3,8,August,32,W32,4,Wednesday,t
2022-08-04 00:00:00,2022,FY22,3,Q3,8,August,32,W32,5,Thursday,t
2022-08-05 00:00:00,2022,FY22,3,Q3,8,August,32,W32,6,Friday,t
2022-08-06 00:00:00,2022,FY22,3,Q3,8,August,32,W32,7,Saturday,f
2022-08-07 00:00:00,2022,FY22,3,Q3,8,August,33,W33,1,Sunday,f
2022-08-08 00:00:00,2022,FY22,3,Q3,8,August,33,W33,2,Monday,t
2022-08-09 00:00:00,2022,FY22,3,Q3,8,August,33,W33,3,Tuesday,t
2022-08-10 00:00:00,2022,FY22,3,Q3,8,August,33,W33,4,Wednesday,t
2022-08-11 00:00:00,2022,FY22,3,Q3,8,August,33,W33,5,Thursday,t
2022-08-12 00:00:00,2022,FY22,3,Q3,8,August,33,W33,6,Friday,t
2022-08-13 00:00:00,2022,FY22,3,Q3,8,August,33,W33,7,Saturday,f
2022-08-14 00:00:00,2022,FY22,3,Q3,8,August,34,W34,1,Sunday,f
2022-08-15 00:00:00,2022,FY22,3,Q3,8,August,34,W34,2,Monday,f
2022-08-16 00:00:00,2022,FY22,3,Q3,8,August,34,W34,3,Tuesday,t
2022-08-17 00:00:00,2022,FY22,3,Q3,8,August,34,W34,4,Wednesday,t
2022-08-18 00:00:00,2022,FY22,3,Q3,8,August,34,W34,5,Thursday,t
2022-08-19 00:00:00,2022,FY22,3,Q3,8,August,34,W34,6,Friday,t
2022-08-20 00:00:00,2022,FY22,3,Q3,8,August,34,W34,7,Saturday,f
2022-08-21 00:00:00,2022,FY22,3,Q3,8,August,35,W35,1,Sunday,f
2022-08-22 00:00:00,2022,FY22,3,Q3,8,August,35,W35,2,Monday,t
2022-08-23 00:00:00,2022,FY22,3,Q3,8,August,35,W35,3,Tuesday,t
2022-08-24 00:00:00,2022,FY22,3,Q3,8,August,35,W35,4,Wednesday,t
2022-08-25 00:00:00,2022,FY22,3,Q3,8,August,35,W35,5,Thursday,t
2022-08-26 00:00:00,2022,FY22,3,Q3,8,August,35,W35,6,Friday,t
2022-08-27 00:00:00,2022,FY22,3,Q3,8,August,35,W35,7,Saturday,f
2022-08-28 00:00:00,2022,FY22,3,Q3,8,August,36,W36,1,Sunday,f
2022-08-29 00:00:00,2022,FY22,3,Q3,8,August,36,W36,2,Monday,t
2022-08-30 00:00:00,2022,FY22,3,Q3,8,August,36,W36,3,Tuesday,t
2022-08-31 00:00:00,2022,FY22,3,Q3,8,August,36,W36,4,Wednesday,t
2022-09-01 00:00:00,2022,FY22,3,Q3,9,September,36,W36,5,Thursday,t
2022-09-02 00:00:00,2022,FY22,3,Q3,9,September,36,W36,6,Friday,t
2022-09-03 00:00:00,2022,FY22,3,Q3,9,September,36,W36,7,Saturday,f
2022-09-04 00:00:00,2022,FY22,3,Q3,9,September,37,W37,1,Sunday,f
2022-09-05 00:00:00,2022,FY22,3,Q3,9,September,37,W37,2,Monday,t
2022-09-06 00:00:00,2022,FY22,3,Q3,9,September,37,W37,3,Tuesday,t
2022-09-07 00:00:00,2022,FY22,3,Q3,9,September,37,W37,4,Wednesday,t
2022-09-08 00:00:00,2022,FY22,3,Q3,9,September,37,W37,5,Thursday,t
2022-09-09 00:00:00,2022,FY22,3,Q3,9,September,37,W37,6,Friday,t
2022-09-10 00:00:00,2022,FY22,3,Q3,9,September,37,W37,7,Saturday,f
2022-09-11 00:00:00,2022,FY22,3,Q3,9,September,38,W38,1,Sunday,f
2022-09-12 00:00:00,2022,FY22,3,Q3,9,September,38,W38,2,Monday,t
2022-09-13 00:00:00,2022,FY22,3,Q3,9,September,38,W38,3,Tuesday,t
2022-09-14 00:00:00,2022,FY22,3,Q3,9,September,38,W38,4,Wednesday,t
2022-09-15 00:00:00,2022,FY22,3,Q3,9,September,38,W38,5,Thursday,t
2022-09-16 00:00:00,2022,FY22,3,Q3,9,September,38,W38,6,Friday,t
2022-09-17 00:00:00,2022,FY22,3,Q3,9,September,38,W38,7,Saturday,f
2022-09-18 00:00:00,2022,FY22,3,Q3,9,September,39,W39,1,Sunday,f
2022-09-19 00:00:00,2022,FY22,3,Q3,9,September,39,W39,2,Monday,t
2022-09-20 00:00:00,2022,FY22,3,Q3,9,September,39,W39,3,Tuesday,t
2022-09-21 00:00:00,2022,FY22,3,Q3,9,September,39,W39,4,Wednesday,t
2022-09-22 00:00:00,2022,FY22,3,Q3,9,September,39,W39,5,Thursday,t
2022-09-23 00:00:00,2022,FY22,3,Q3,9,September,39,W39,6,Friday,t
2022-09-24 00:00:00,2022,FY22,3,Q3,9,September,39,W39,7,Saturday,f
2022-09-25 00:00:00,2022,FY22,3,Q3,9,September,40,W40,1,Sunday,f
2022-09-26 00:00:00,2022,FY22,3,Q3,9,September,40,W40,2,Monday,t
2022-09-27 00:00:00,2022,FY22,3,Q3,9,September,40,W40,3,Tuesday,t
2022-09-28 00:00:00,2022,FY22,3,Q3,9,September,40,W40,4,Wednesday,t
2022-09-29 00:00:00,2022,FY22,3,Q3,9,September,40,W40,5,Thursday,t
2022-09-30 00:00:00,2022,FY22,3,Q3,9,September,40,W40,6,Friday,t
2022-10-01 00:00:00,2022,FY22,4,Q4,10,October,40,W40,7,Saturday,f
2022-10-02 00:00:00,2022,FY22,4,Q4,10,October,41,W41,1,Sunday,f
2022-10-03 00:00:00,2022,FY22,4,Q4,10,October,41,W41,2,Monday,t
2022-10-04 00:00:00,2022,FY22,4,Q4,10,October,41,W41,3,Tuesday,t
2022-10-05 00:00:00,2022,FY22,4,Q4,10,October,41,W41,4,Wednesday,t
2022-10-06 00:00:00,2022,FY22,4,Q4,10,October,41,W41,5,Thursday,t
2022-10-07 00:00:00,2022,FY22,4,Q4,10,October,41,W41,6,Friday,t
2022-10-08 00:00:00,2022,FY22,4,Q4,10,October,41,W41,7,Saturday,f
2022-10-09 00:00:00,2022,FY22,4,Q4,10,October,42,W42,1,Sunday,f
2022-10-10 00:00:00,2022,FY22,4,Q4,10,October,42,W42,2,Monday,t
2022-10-11 00:00:00,2022,FY22,4,Q4,10,October,42,W42,3,Tuesday,t
2022-10-12 00:00:00,2022,FY22,4,Q4,10,October,42,W42,4,Wednesday,t
2022-10-13 00:00:00,2022,FY22,4,Q4,10,October,42,W42,5,Thursday,t
2022-10-14 00:00:00,2022,FY22,4,Q4,10,October,42,W42,6,Friday,t
2022-10-15 00:00:00,2022,FY22,4,Q4,10,October,42,W42,7,Saturday,f
2022-10-16 00:00:00,2022,FY22,4,Q4,10,October,43,W43,1,Sunday,f
2022-10-17 00:00:00,2022,FY22,4,Q4,10,October,43,W43,2,Monday,t
2022-10-18 00:00:00,2022,FY22,4,Q4,10,October,43,W43,3,Tuesday,t
2022-10-19 00:00:00,2022,FY22,4,Q4,10,October,43,W43,4,Wednesday,t
2022-10-20 00:00:00,2022,FY22,4,Q4,10,October,43,W43,5,Thursday,t
2022-10-21 00:00:00,2022,FY22,4,Q4,10,October,43,W43,6,Friday,t
2022-10-22 00:00:00,2022,FY22,4,Q4,10,October,43,W43,7,Saturday,f
2022-10-23 00:00:00,2022,FY22,4,Q4,10,October,44,W44,1,Sunday,f
2022-10-24 00:00:00,2022,FY22,4,Q4,10,October,44,W44,2,Monday,t
2022-10-25 00:00:00,2022,FY22,4,Q4,10,October,44,W44,3,Tuesday,t
2022-10-26 00:00:00,2022,FY22,4,Q4,10,October,44,W44,4,Wednesday,t
2022-10-27 00:00:00,2022,FY22,4,Q4,10,October,44,W44,5,Thursday,t
2022-10-28 00:00:00,2022,FY22,4,Q4,10,October,44,W44,6,Friday,t
2022-10-29 00:00:00,2022,FY22,4,Q4,10,October,44,W44,7,Saturday,f
2022-10-30 00:00:00,2022,FY22,4,Q4,10,October,45,W45,1,Sunday,f
2022-10-31 00:00:00,2022,FY22,4,Q4,10,October,45,W45,2,Monday,t
2022-11-01 00:00:00,2022,FY22,4,Q4,11,November,45,W45,3,Tuesday,f
2022-11-02 00:00:00,2022,FY22,4,Q4,11,November,45,W45,4,Wednesday,t
2022-11-03 00:00:00,2022,FY22,4,Q4,11,November,45,W45,5,Thursday,t
2022-11-04 00:00:00,2022,FY22,4,Q4,11,November,45,W45,6,Friday,t
2022-11-05 00:00:00,2022,FY22,4,Q4,11,November,45,W45,7,Saturday,f
2022-11-06 00:00:00,2022,FY22,4,Q4,11,November,46,W46,1,Sunday,f
2022-11-07 00:00:00,2022,FY22,4,Q4,11,November,46,W46,2,Monday,t
2022-11-08 00:00:00,2022,FY22,4,Q4,11,November,46,W46,3,Tuesday,t
2022-11-09 00:00:00,2022,FY22,4,Q4,11,November,46,W46,4,Wednesday,t
2022-11-10 00:00:00,2022,FY22,4,Q4,11,November,46,W46,5,Thursday,t
2022-11-11 00:00:00,2022,FY22,4,Q4,11,November,46,W46,6,Friday,f
2022-11-12 00:00:00,2022,FY22,4,Q4,11,November,46,W46,7,Saturday,f
2022-11-13 00:00:00,2022,FY22,4,Q4,11,November,47,W47,1,Sunday,f
2022-11-14 00:00:00,2022,FY22,4,Q4,11,November,47,W47,2,Monday,t
2022-11-15 00:00:00,2022,FY22,4,Q4,11,November,47,W47,3,Tuesday,t
2022-11-16 00:00:00,2022,FY22,4,Q4,11,November,47,W47,4,Wednesday,t
2022-11-17 00:00:00,2022,FY22,4,Q4,11,November,47,W47,5,Thursday,t
2022-11-18 00:00:00,2022,FY22,4,Q4,11,November,47,W47,6,Friday,t
2022-11-19 00:00:00,2022,FY22,4,Q4,11,November,47,W47,7,Saturday,f
2022-11-20 00:00:00,2022,FY22,4,Q4,11,November,48,W48,1,Sunday,f
2022-11-21 00:00:00,2022,FY22,4,Q4,11,November,48,W48,2,Monday,t
2022-11-22 00:00:00,2022,FY22,4,Q4,11,November,48,W48,3,Tuesday,t
2022-11-23 00:00:00,2022,FY22,4,Q4,11,November,48,W48,4,Wednesday,t
2022-11-24 00:00:00,2022,FY22,4,Q4,11,November,48,W48,5,Thursday,t
2022-11-25 00:00:00,2022,FY22,4,Q4,11,November,48,W48,6,Friday,t
2022-11-26 00:00:00,2022,FY22,4,Q4,11,November,48,W48,7,Saturday,f
2022-11-27 00:00:00,2022,FY22,4,Q4,11,November,49,W49,1,Sunday,f
2022-11-28 00:00:00,2022,FY22,4,Q4,11,November,49,W49,2,Monday,t
2022-11-29 00:00:00,2022,FY22,4,Q4,11,November,49,W49,3,Tuesday,t
2022-11-30 00:00:00,2022,FY22,4,Q4,11,November,49,W49,4,Wednesday,t
2022-12-01 00:00:00,2022,FY22,4,Q4,12,December,49,W49,5,Thursday,t
2022-12-02 00:00:00,2022,FY22,4,Q4,12,December,49,W49,6,Friday,t
2022-12-03 00:00:00,2022,FY22,4,Q4,12,December,49,W49,7,Saturday,f
2022-12-04 00:00:00,2022,FY22,4,Q4,12,December,50,W50,1,Sunday,f
2022-12-05 00:00:00,2022,FY22,4,Q4,12,December,50,W50,2,Monday,t
2022-12-06 00:00:00,2022,FY22,4,Q4,12,December,50,W50,3,Tuesday,t
2022-12-07 00:00:00,2022,FY22,4,Q4,12,December,50,W50,4,Wednesday,t
2022-12-08 00:00:00,2022,FY22,4,Q4,12,December,50,W50,5,Thursday,t
2022-12-09 00:00:00,2022,FY22,4,Q4,12,December,50,W50,6,Friday,t
2022-12-10 00:00:00,2022,FY22,4,Q4,12,December,50,W50,7,Saturday,f
2022-12-11 00:00:00,2022,FY22,4,Q4,12,December,51,W51,1,Sunday,f
2022-12-12 00:00:00,2022,FY22,4,Q4,12,December,51,W51,2,Monday,t
2022-12-13 00:00:00,2022,FY22,4,Q4,12,December,51,W51,3,Tuesday,t
2022-12-14 00:00:00,2022,FY22,4,Q4,12,December,51,W51,4,Wednesday,t
2022-12-15 00:00:00,2022,FY22,4,Q4,12,December,51,W51,5,Thursday,t
2022-12-16 00:00:00,2022,FY22,4,Q4,12,December,51,W51,6,Friday,t
2022-12-17 00:00:00,2022,FY22,4,Q4,12,December,51,W51,7,Saturday,f
2022-12-18 00:00:00,2022,FY22,4,Q4,12,December,52,W52,1,Sunday,f
2022-12-19 00:00:00,2022,FY22,4,Q4,12,December,52,W52,2,Monday,t
2022-12-20 00:00:00,2022,FY22,4,Q4,12,December,52,W52,3,Tuesday,t
2022-12-21 00:00:00,2022,FY22,4,Q4,12,December,52,W52,4,Wednesday,t
2022-12-22 00:00:00,2022,FY22,4,Q4,12,December,52,W52,5,Thursday,t
2022-12-23 00:00:00,2022,FY22,4,Q4,12,December,52,W52,6,Friday,t
2022-12-24 00:00:00,2022,FY22,4,Q4,12,December,52,W52,7,Saturday,f
2022-12-25 00:00:00,2022,FY22,4,Q4,12,December,53,W53,1,Sunday,f
2022-12-26 00:00:00,2022,FY22,4,Q4,12,December,53,W53,2,Monday,f
2022-12-27 00:00:00,2022,FY22,4,Q4,12,December,53,W53,3,Tuesday,t
2022-12-28 00:00:00,2022,FY22,4,Q4,12,December,53,W53,4,Wednesday,t
2022-12-29 00:00:00,2022,FY22,4,Q4,12,December,53,W53,5,Thursday,t
2022-12-30 00:00:00,2022,FY22,4,Q4,12,December,53,W53,6,Friday,t
2022-12-31 00:00:00,2022,FY22,4,Q4,12,December,53,W53,7,Saturday,f